-- App: Shopping Cart
-- Package: db
-- File: shopping_cart_domain_test_data.sql
-- Version: 0.1.0
-- Turns: 2
-- Author: Codex Agent
-- Date: 2025-09-30T23:31:16Z
-- Description: Seeds representative shopping cart records with related items and discounts for local testing.
BEGIN;

SET search_path TO shopping_cart, public;

INSERT INTO shopping_cart (cart_id, user_id, subtotal, tax, shipping, total, currency, created_at, updated_at)
VALUES
    ('00000000-0000-0000-0000-000000000001', '11111111-1111-1111-1111-111111111111', 120.00, 10.80, 5.00, 135.80, 'USD', '2025-01-01T10:00:00Z', '2025-01-01T10:05:00Z'),
    ('00000000-0000-0000-0000-000000000002', '22222222-2222-2222-2222-222222222222', 80.00, 6.40, 0.00, 86.40, 'USD', '2025-01-02T11:00:00Z', '2025-01-02T11:02:00Z'),
    ('00000000-0000-0000-0000-000000000003', '33333333-3333-3333-3333-333333333333', 45.00, 3.60, 4.00, 52.60, 'USD', '2025-01-03T12:00:00Z', '2025-01-03T12:04:00Z'),
    ('00000000-0000-0000-0000-000000000004', '44444444-4444-4444-4444-444444444444', 230.00, 18.40, 8.00, 256.40, 'USD', '2025-01-04T13:00:00Z', '2025-01-04T13:06:00Z'),
    ('00000000-0000-0000-0000-000000000005', '55555555-5555-5555-5555-555555555555', 15.00, 1.20, 0.00, 16.20, 'USD', '2025-01-05T14:00:00Z', '2025-01-05T14:01:00Z'),
    ('00000000-0000-0000-0000-000000000006', '66666666-6666-6666-6666-666666666666', 190.00, 15.20, 6.00, 211.20, 'USD', '2025-01-06T15:00:00Z', '2025-01-06T15:05:00Z'),
    ('00000000-0000-0000-0000-000000000007', '77777777-7777-7777-7777-777777777777', 60.00, 4.80, 3.00, 67.80, 'USD', '2025-01-07T16:00:00Z', '2025-01-07T16:03:00Z'),
    ('00000000-0000-0000-0000-000000000008', '88888888-8888-8888-8888-888888888888', 300.00, 24.00, 10.00, 334.00, 'USD', '2025-01-08T17:00:00Z', '2025-01-08T17:07:00Z'),
    ('00000000-0000-0000-0000-000000000009', '99999999-9999-9999-9999-999999999999', 55.00, 4.40, 2.00, 61.40, 'USD', '2025-01-09T18:00:00Z', '2025-01-09T18:02:00Z'),
    ('00000000-0000-0000-0000-000000000010', 'aaaaaaaa-aaaa-aaaa-aaaa-aaaaaaaaaaaa', 410.00, 32.80, 12.00, 454.80, 'USD', '2025-01-10T19:00:00Z', '2025-01-10T19:09:00Z')
ON CONFLICT (cart_id) DO NOTHING;

INSERT INTO shopping_cart_item (cart_id, product_id, name, quantity, unit_price, total_price, currency)
VALUES
    ('00000000-0000-0000-0000-000000000001', 'SKU-100', 'Wireless Mouse', 2, 40.00, 80.00, 'USD'),
    ('00000000-0000-0000-0000-000000000001', 'SKU-101', 'Mechanical Keyboard', 1, 40.00, 40.00, 'USD'),
    ('00000000-0000-0000-0000-000000000002', 'SKU-102', 'USB-C Hub', 1, 35.00, 35.00, 'USD'),
    ('00000000-0000-0000-0000-000000000002', 'SKU-103', 'Laptop Stand', 1, 45.00, 45.00, 'USD'),
    ('00000000-0000-0000-0000-000000000003', 'SKU-104', 'Notebook', 3, 5.00, 15.00, 'USD'),
    ('00000000-0000-0000-0000-000000000003', 'SKU-105', 'Gel Pen Set', 2, 15.00, 30.00, 'USD'),
    ('00000000-0000-0000-0000-000000000004', 'SKU-106', 'Noise Cancelling Headphones', 1, 230.00, 230.00, 'USD'),
    ('00000000-0000-0000-0000-000000000005', 'SKU-107', 'Water Bottle', 1, 15.00, 15.00, 'USD'),
    ('00000000-0000-0000-0000-000000000006', 'SKU-108', '4K Monitor', 1, 190.00, 190.00, 'USD'),
    ('00000000-0000-0000-0000-000000000007', 'SKU-109', 'Bluetooth Speaker', 2, 30.00, 60.00, 'USD'),
    ('00000000-0000-0000-0000-000000000008', 'SKU-110', 'Gaming Chair', 1, 300.00, 300.00, 'USD'),
    ('00000000-0000-0000-0000-000000000009', 'SKU-111', 'Portable Charger', 1, 25.00, 25.00, 'USD'),
    ('00000000-0000-0000-0000-000000000009', 'SKU-112', 'Earbuds', 1, 30.00, 30.00, 'USD'),
    ('00000000-0000-0000-0000-000000000010', 'SKU-113', 'Gaming Laptop', 1, 410.00, 410.00, 'USD')
ON CONFLICT (cart_id, product_id) DO NOTHING;

INSERT INTO shopping_cart_discount (cart_id, code, amount)
VALUES
    ('00000000-0000-0000-0000-000000000001', 'WELCOME10', 10.00),
    ('00000000-0000-0000-0000-000000000004', 'VIP15', 15.00),
    ('00000000-0000-0000-0000-000000000006', 'SPRING5', 5.00),
    ('00000000-0000-0000-0000-000000000008', 'BULK20', 20.00),
    ('00000000-0000-0000-0000-000000000010', 'LOYALTY25', 25.00)
ON CONFLICT (cart_id, code) DO NOTHING;

COMMIT;

-- Smoke test: SELECT COUNT(*) FROM shopping_cart.shopping_cart;
